Tamarah,Mediana,64458,Persian,邵
Sid,Personal,63827,Lithuanian,那
Rooney,Personal,24175,Assamese,鞠
Leonelle,Mediana,66027,West Frisian,毋
Raimund,Mediana,1771,Filipino,萧
Willamina,Familiar,94872,Swahili,蓝
Gilli,Personal,32974,Swati,张
Dolorita,Familiar,21092,Estonian,李
Kalina,Mediana,53461,Hiri Motu,寿
Gabbey,Familiar,20754,Swedish,匡
Ardenia,Personal,14017,Swati,和
Ruperta,Mediana,64555,Hindi,段
Travers,Personal,19534,Tamil,车
Sisely,Mediana,2092,Nepali,闵
Charity,Personal,80974,Kashmiri,韦
Charity,Personal,39539,Gagauz,颜
Cathrin,Personal,45543,Assamese,双
Tanner,Familiar,20444,Estonian,周
Bel,Mediana,94761,Danish,路
Gabie,Familiar,74896,Tsonga,师
Harrison,Mediana,91949,Dutch,解
Doe,Mediana,51585,Luxembourgish,卢
Cayla,Familiar,25899,Arabic,童
Kerianne,Personal,56230,Hebrew,丁
Ardyce,Mediana,62268,Greek,师
Desiri,Familiar,96948,Amharic,项
Rachelle,Personal,98033,Kyrgyz,苗
Berton,Familiar,61191,Azeri,庾
Rafa,Familiar,71887,Guaraní,昝
Salome,Personal,64813,Kurdish,和
Merv,Personal,96302,Khmer,羊
Gabey,Familiar,34201,Korean,汤
Solly,Mediana,33804,Pashto,奚
Egan,Mediana,26419,Oriya,空
Marcile,Familiar,36243,Icelandic,东
Myrna,Mediana,49551,Dhivehi,万
Granthem,Mediana,46450,Bengali,雷
Raina,Familiar,33113,French,余
Lindy,Mediana,87528,Italian,王
Shawna,Personal,8008,Latvian,贝
Cicely,Personal,47482,Ndebele,项
Phyllys,Familiar,59962,Hiri Motu,胡
Aurilia,Mediana,3915,Haitian Creole,茅
Romona,Personal,1995,French,苏
Ansel,Mediana,84097,Swati,柏
Jeno,Personal,3248,Lithuanian,尚
Feodor,Mediana,90192,Indonesian,糜
Emelina,Personal,48721,Tamil,印
Ingrid,Mediana,65020,Mongolian,芮
Gaspar,Personal,57181,Albanian,金
Channa,Mediana,23069,Ndebele,阎
Patrica,Familiar,82949,Quechua,於
Monica,Personal,28903,Malayalam,喻
Marcelline,Mediana,78788,Irish Gaelic,靳
Gloriane,Mediana,54352,Thai,臧
Annis,Personal,69039,Norwegian,池
Myrtice,Familiar,62793,Fijian,褚
Anastasia,Mediana,28907,Kashmiri,那
Nikki,Mediana,35377,Portuguese,蒙
Dillie,Mediana,26873,Bosnian,诸
Boothe,Familiar,92391,Korean,臧
Birgitta,Personal,15789,Portuguese,司
Dorotea,Mediana,93230,German,柳
Sig,Personal,26109,Irish Gaelic,蔚
Bondon,Personal,21951,Tajik,戎
Eva,Familiar,44342,Moldovan,郁
Ashly,Mediana,92315,Pashto,钭
Sorcha,Mediana,36058,Hebrew,陈
Conroy,Familiar,63678,Ndebele,聂
Novelia,Familiar,42618,Italian,文
Gustavus,Personal,44065,Azeri,许
Bryce,Personal,48051,Swahili,任
Rustin,Personal,6069,Zulu,雍
Jody,Mediana,66623,Indonesian,邢
Kore,Personal,30853,Zulu,凌
Phillida,Personal,32986,Northern Sotho,邓
Vanni,Personal,82402,Japanese,冀
Elyssa,Familiar,32144,Tamil,董
Evangelin,Mediana,13993,Romanian,项
Minna,Familiar,6845,French,龙
Addie,Familiar,56745,Swahili,仇
Tania,Mediana,19392,Icelandic,崔
Leilah,Familiar,18731,Hiri Motu,罗
Orville,Mediana,62514,Ndebele,弘
My,Personal,67755,Bengali,滑
Fredra,Familiar,19888,Malayalam,蒲
Sherwin,Personal,19413,Khmer,黄
Desmond,Personal,78449,Tajik,周
Cati,Familiar,69949,Azeri,祝
Thoma,Familiar,79838,Kashmiri,卫
Jenny,Familiar,63308,Bengali,后
Dukey,Personal,8974,Czech,伊
Niki,Familiar,96686,Hindi,车
Mahmud,Mediana,73005,Polish,熊
Mariana,Personal,95383,Quechua,龙
Persis,Familiar,45235,Maltese,巢
Torrin,Familiar,39474,Kurdish,米
Rosabella,Personal,72836,Malay,充
Darice,Mediana,50856,Burmese,司
Myron,Mediana,35999,Italian,祝
Magdalene,Mediana,17254,Kashmiri,高
Kerrie,Mediana,24529,Indonesian,伏
Lambert,Mediana,88058,Chinese,阚
Arluene,Personal,69860,Luxembourgish,卢
Corrie,Personal,12235,Aymara,罗
Peder,Familiar,49385,Danish,洪
Shay,Mediana,78644,Malay,成
Wanda,Personal,73321,New Zealand Sign Language,龚
May,Familiar,99165,Burmese,阳
Phillis,Familiar,83117,Latvian,黄
Sallyann,Mediana,76219,Japanese,毕
Rey,Mediana,10499,Dzongkha,杜
Valenka,Personal,37080,English,郦
Elmira,Familiar,24399,Greek,焦
Maisey,Familiar,94574,New Zealand Sign Language,袁
Laurie,Mediana,77096,Irish Gaelic,寇
Kaja,Mediana,52653,Polish,敖
Germayne,Mediana,6609,Nepali,姬
Meade,Personal,94206,Yiddish,彭
Osbourn,Mediana,97692,Georgian,邹
Tristam,Personal,42869,Icelandic,黎
Kim,Mediana,86928,Finnish,潘
Zacharie,Familiar,80473,Ndebele,相
Josey,Personal,76294,Burmese,尹
Glyn,Mediana,79778,Mongolian,甘
Wallie,Personal,87539,Filipino,戴
Norton,Familiar,51272,Italian,束
Lilah,Familiar,48798,Kannada,邰
Juliette,Familiar,79754,Lithuanian,苍
Rochelle,Familiar,15250,Bulgarian,穆
Em,Mediana,36066,Arabic,龚
Rutter,Mediana,4194,Romanian,苗
Letta,Familiar,4475,Filipino,蒙
Thane,Familiar,59150,Tswana,莘
Markus,Familiar,33459,Gujarati,蒲
Neille,Personal,79006,Finnish,庞
Alecia,Familiar,73350,Dari,祝
Viviana,Personal,35586,Zulu,卞
Roarke,Mediana,76472,Malayalam,宿
Phineas,Personal,1429,Quechua,项
Marji,Personal,11715,Lithuanian,宓
Elwin,Personal,83821,Chinese,梅
Kass,Mediana,64404,Sotho,晏
Gawain,Familiar,3661,Hebrew,申
Cirilo,Mediana,92406,Fijian,司
Ruperta,Familiar,76311,Arabic,林
Bibbie,Familiar,69824,Kannada,山
Andra,Familiar,21665,Luxembourgish,任
Read,Familiar,33847,West Frisian,刘
Wilhelmina,Familiar,65200,Gujarati,逮
Adara,Mediana,32411,Lao,阮
Kelcie,Mediana,26411,Tok Pisin,鄂
Marieann,Mediana,65997,Gagauz,奚
Sada,Personal,92527,Japanese,文
Thomasina,Familiar,64003,Guaraní,孔
Lainey,Mediana,23930,Tok Pisin,俞
Kathie,Mediana,16303,Kyrgyz,牧
Wendye,Familiar,68295,Lithuanian,沈
Inge,Personal,95912,Montenegrin,贝
Edsel,Mediana,60954,Moldovan,禹
Gerhardine,Personal,21367,Malagasy,曾
Roseanne,Personal,64374,Azeri,詹
Tiff,Familiar,99454,Indonesian,焦
Brendan,Mediana,83557,Bislama,董
Demetri,Mediana,9874,Dhivehi,陆
Henderson,Mediana,11362,Bengali,阮
Jewell,Mediana,64854,Malayalam,充
Clemence,Familiar,78865,Gujarati,蒙
Marlena,Mediana,92082,Dari,祁
Leanor,Familiar,24258,Maltese,敖
Demetri,Familiar,16750,Estonian,盛
Ardis,Familiar,76053,Bosnian,封
Jan,Personal,41529,Tetum,徐
Pattin,Familiar,42653,Kannada,宋
Hubert,Familiar,79626,Chinese,樊
Gloria,Personal,53212,Telugu,郝
Esma,Personal,72232,Tswana,邰
Uta,Familiar,29298,Hungarian,景
Heda,Mediana,85685,Marathi,叶
Quintana,Personal,83085,Thai,晁
Raul,Familiar,59382,Bosnian,苏
Ilene,Mediana,18583,Irish Gaelic,魏
Don,Familiar,19137,Oriya,党
Maribel,Mediana,80476,Korean,计
Deeann,Mediana,81671,Bengali,溥
Leonie,Familiar,20516,Assamese,寿
Hillary,Mediana,43654,Indonesian,焦
Elbert,Personal,36485,Japanese,昝
Dulcea,Familiar,1722,Belarusian,孙
Morse,Personal,30379,Fijian,钭
Mildrid,Personal,92188,Marathi,莘
Joel,Mediana,68248,Papiamento,蔡
Brooks,Personal,18592,Malagasy,蓬
Earl,Familiar,89969,Kannada,元
Clementius,Mediana,54905,Lithuanian,谷
Carol,Familiar,56718,Tamil,尤
Merrill,Familiar,63561,Albanian,谷
Crichton,Familiar,24215,Italian,寇
Stanislaw,Mediana,96370,Kazakh,惠
Madison,Personal,82135,Malay,梁
Marta,Familiar,26382,Malagasy,尹
Don,Mediana,30925,Icelandic,祖
Moreen,Personal,92053,Gagauz,鲁
Robbyn,Familiar,90316,Oriya,巢
Ase,Personal,77752,Guaraní,印
Eleonora,Personal,75671,Thai,祝
Ariana,Personal,29643,Swahili,龙
Sergio,Familiar,79166,Marathi,隗
Reg,Familiar,99534,Arabic,夔
Rosalyn,Mediana,54232,Hungarian,终
Giuseppe,Personal,76344,Kazakh,邢
Hughie,Personal,30691,Moldovan,简
Hercules,Personal,65119,Azeri,杭
Stu,Familiar,68829,Nepali,崔
Grange,Familiar,12861,Afrikaans,寇
Madison,Familiar,41080,Tswana,堵
Ulrica,Familiar,40418,Bulgarian,邹
Karleen,Personal,34824,Dutch,储
Modesty,Personal,61397,Polish,束
Nancy,Personal,36505,Latvian,蓝
Meyer,Familiar,93776,Somali,养
Earl,Mediana,57242,Afrikaans,堵
West,Personal,42403,Dzongkha,董
Trumann,Personal,33379,Macedonian,孟
Felice,Mediana,14888,Filipino,范
Darla,Familiar,64594,Kurdish,养
Loutitia,Mediana,63764,Filipino,苗
Candra,Familiar,24768,Bengali,蔚
Aurthur,Personal,37265,Swati,蒲
Halsey,Mediana,55273,Yiddish,闵
Lyndy,Familiar,29774,Spanish,柯
Stafford,Mediana,70209,Bulgarian,柴
Carlyle,Mediana,63968,Kazakh,广
Kyrstin,Personal,84044,Norwegian,松
Jessalin,Familiar,67704,Bengali,屠
Fernande,Familiar,73143,Korean,褚
Jeniffer,Personal,4052,Khmer,越
Kellen,Mediana,46160,Thai,昌
Paolina,Mediana,67288,Tamil,邓
Morgan,Personal,91790,Tamil,裴
Trista,Personal,81094,Chinese,陆
Gunar,Personal,71480,Malayalam,宗
Emile,Familiar,42466,Bosnian,益
Harp,Familiar,70507,Zulu,梁
Guillermo,Mediana,20967,Kurdish,巢
Harland,Mediana,14476,Moldovan,翁
Janene,Familiar,64288,New Zealand Sign Language,奚
Nathaniel,Personal,23346,Tsonga,柯
Lyndell,Mediana,14981,Dari,辛
Dionisio,Personal,87183,Icelandic,璩
Gannon,Personal,92704,Greek,巢
Rutledge,Familiar,64547,Ndebele,袁
Dael,Personal,5686,Bengali,倪
Peter,Mediana,16039,Fijian,唐
Burlie,Mediana,70984,Finnish,万
Genevieve,Mediana,80215,Afrikaans,汪
Bobbi,Mediana,60673,Dutch,於
Artur,Mediana,4590,Dzongkha,敖
Pernell,Familiar,40170,Dzongkha,车
Kevin,Mediana,30241,German,乌
Brok,Personal,73514,Latvian,丁
Cilka,Personal,86233,Marathi,靳
Barton,Mediana,64744,Māori,乔
Lucienne,Personal,28337,Bulgarian,殷
Leslie,Familiar,55959,English,娄
Babita,Personal,74230,Dari,姚
Lexie,Familiar,46508,Thai,邹
Annabelle,Personal,89066,Amharic,蒋
Eugine,Mediana,4624,Arabic,毛
Brenden,Mediana,93127,Kashmiri,焦
Kara,Familiar,29638,Chinese,杨
Ingunna,Mediana,21772,Georgian,焦
Walliw,Personal,82175,Kannada,庄
Norry,Mediana,31071,Malagasy,胥
Nicolais,Familiar,89968,Icelandic,贾
Colly,Mediana,21722,Malay,韦
Ethelred,Familiar,44691,Bulgarian,汲
Matthiew,Personal,85099,Czech,瞿
Alys,Mediana,74394,Lithuanian,戴
Cynde,Familiar,29501,Romanian,陆
Fabe,Familiar,58507,Polish,梅
Claudia,Personal,96833,Hebrew,梅
Claybourne,Familiar,53553,New Zealand Sign Language,劳
Riva,Familiar,16703,Armenian,丰
Pyotr,Familiar,25714,Lao,项
Cristabel,Mediana,81723,Assamese,夔
Justina,Personal,34926,Danish,齐
Salaidh,Mediana,17191,Nepali,农
Myrilla,Personal,82585,Hebrew,洪
Tanya,Personal,62680,Italian,荀
Timmy,Familiar,55119,Afrikaans,包
Tara,Familiar,68826,Latvian,刁
Shandy,Mediana,80423,Dzongkha,都
Padget,Mediana,69786,New Zealand Sign Language,越
Dalis,Familiar,13817,Quechua,弘
Madeline,Personal,39712,Croatian,卢
Doralynne,Personal,72412,Tamil,姚
Ailsun,Mediana,89899,Nepali,樊
Robyn,Familiar,29192,Khmer,申
Rogerio,Familiar,13490,Dhivehi,程
Theressa,Mediana,73618,Chinese,游
Leo,Mediana,39995,Dhivehi,缪
Joela,Mediana,52555,Telugu,利
Rosabella,Mediana,64882,Afrikaans,蔺
Clem,Personal,55241,Georgian,衡
Maribeth,Mediana,46678,Catalan,元
Valentina,Familiar,16598,Georgian,松
Charmaine,Mediana,79683,Hindi,艾
Candida,Familiar,40052,Bengali,红
Eugenio,Mediana,48809,Bengali,山
Trace,Mediana,64835,Chinese,张
Benny,Personal,75757,Kyrgyz,危
Casandra,Personal,96221,Hiri Motu,阚
Efren,Personal,24663,Tajik,赵
Arch,Personal,34428,Kannada,车
Franchot,Familiar,46524,Italian,鱼
Muhammad,Mediana,75989,Dutch,虞
Hermina,Personal,78241,Estonian,刘
Andrus,Mediana,93502,Dari,殷
Kendricks,Mediana,58765,Somali,甄
Alasteir,Familiar,2019,Swahili,翁
Danya,Mediana,26803,Indonesian,暨
Marya,Familiar,77474,Kashmiri,益
Alisun,Mediana,8394,Pashto,段
Chrissy,Mediana,14997,Japanese,陆
Bogey,Personal,85759,Swati,谷
Joe,Mediana,91106,Kyrgyz,乔
Etheline,Familiar,60578,Albanian,施
Sybil,Mediana,40072,Kannada,空
Renee,Mediana,58661,Azeri,弘
Peggie,Personal,18692,Dhivehi,王
Thaddus,Mediana,79774,Danish,查
Dorella,Personal,76700,Chinese,暨
Mar,Personal,71044,Hiri Motu,廉
Ellissa,Familiar,4125,Guaraní,姚
Blakelee,Personal,43429,Punjabi,詹
Adlai,Personal,56517,Dzongkha,扶
Talbot,Familiar,32182,Yiddish,解
Jacenta,Personal,88743,Punjabi,蓝
Madelena,Familiar,78094,Lao,荆
Agata,Personal,86753,Italian,景
Angie,Personal,31805,Japanese,尚
Mathilda,Mediana,91530,Czech,广
Riannon,Mediana,44457,Czech,冀
Hannis,Familiar,42501,Malay,后
Derril,Familiar,64932,Arabic,查
Karlik,Personal,78020,Hindi,桓
Reba,Familiar,40471,Tok Pisin,晏
Jacintha,Familiar,34725,Catalan,蔺
Cheryl,Mediana,30547,Estonian,封
Yoshiko,Personal,56503,French,屠
Aldin,Personal,2871,Assamese,乜
Sydel,Familiar,86520,Dhivehi,屠
Jakie,Familiar,10707,Māori,刘
Urson,Mediana,11095,Italian,明
Rafe,Personal,11525,Bulgarian,吴
Shandie,Personal,58447,New Zealand Sign Language,宁
Agata,Personal,16215,Tsonga,焦
Benjamen,Mediana,95932,Papiamento,禹
Ax,Mediana,13029,Nepali,后
Phillis,Personal,94543,Yiddish,简
Arlina,Mediana,26571,Dzongkha,杨
Laureen,Familiar,61967,Swati,邹
Austin,Personal,70386,Gujarati,纪
Doug,Personal,51413,Hungarian,巩
Dyana,Personal,80716,Tok Pisin,宋
Raleigh,Personal,94558,Tajik,祁
Leonanie,Mediana,74388,Spanish,养
Revkah,Familiar,31918,Tsonga,党
Walsh,Personal,77799,Fijian,邰
Vernen,Mediana,10781,Korean,米
Karlotta,Mediana,76806,Burmese,平
Sherwood,Mediana,2067,Sotho,邬
Christiane,Familiar,87301,Bislama,巫
Ailee,Mediana,86263,Mongolian,季
Penni,Mediana,45719,Māori,陶
Waylin,Familiar,50514,Icelandic,包
Nanny,Personal,55874,Pashto,支
Rois,Personal,88363,Tetum,松
Archer,Familiar,74769,Māori,羿
Leilah,Familiar,38981,Mongolian,闻
Bamby,Mediana,67060,Mongolian,终
Winfred,Familiar,44325,Armenian,费
Chadd,Familiar,21926,Polish,熊
Michail,Personal,76349,Zulu,巩
Obie,Familiar,46974,Hungarian,茹
Sam,Personal,77539,Tetum,羿
Krystal,Personal,55885,Kazakh,平
Amargo,Personal,93900,Bengali,寇
Ewell,Familiar,99187,Polish,孟
Moore,Mediana,73820,Afrikaans,李
Onfre,Mediana,36348,Montenegrin,邰
Sheffy,Personal,66125,Malayalam,滕
Evita,Personal,69099,Ndebele,麻
Dorotea,Familiar,52010,German,庾
Elihu,Personal,31028,Luxembourgish,湛
Elianora,Personal,61790,Dari,高
Mahala,Personal,91521,Fijian,养
Fernando,Personal,79763,Tswana,游
Mada,Familiar,71861,Ndebele,吉
Lauraine,Mediana,69399,Northern Sotho,余
Roley,Mediana,81752,Guaraní,褚
Drugi,Mediana,78829,Burmese,秋
Janelle,Personal,21572,Sotho,曾
Carmela,Mediana,95751,Amharic,嵇
Verene,Personal,30647,Danish,蔺
Marni,Mediana,81000,Malay,阮
Babb,Personal,53015,Catalan,简
Torrie,Mediana,13651,Hindi,黎
Melva,Familiar,81909,Amharic,于
Maxwell,Familiar,29918,Fijian,董
Odie,Mediana,60078,Dhivehi,何
Peri,Personal,95445,English,缪
Nappie,Mediana,13668,Hindi,姚
Tedd,Mediana,62344,Luxembourgish,成
Elly,Personal,18792,Malay,乌
Elfreda,Personal,44860,Fijian,明
Heath,Mediana,18447,Quechua,田
Agnese,Personal,35981,Italian,俞
Clemmie,Personal,83777,Sotho,胥
Addie,Personal,61580,Persian,郦
Mayne,Familiar,54736,Azeri,艾
Tori,Familiar,68032,Indonesian,芮
Rickard,Mediana,90481,Filipino,郝
Rowe,Personal,82710,Haitian Creole,解
Harland,Mediana,12741,Icelandic,毛
Bette-ann,Mediana,56063,Tajik,蒯
Demetris,Mediana,10212,Nepali,项
Mari,Mediana,10561,Malagasy,丁
Joane,Familiar,21948,Georgian,柯
Aime,Personal,30071,Hebrew,嵇
Padgett,Personal,28133,Macedonian,居
Glenine,Personal,80566,Belarusian,夔
Othilie,Mediana,75186,New Zealand Sign Language,陈
Bridget,Personal,74087,Māori,越
Haily,Mediana,11643,Haitian Creole,强
Albie,Personal,47310,Dutch,马
Darin,Personal,81935,Tamil,盍
Andree,Personal,41065,Tsonga,窦
Nappy,Familiar,11600,Gujarati,窦
Blondy,Mediana,31863,Malay,慎
Jaquelin,Familiar,71242,Tswana,周
Aloin,Familiar,17180,Chinese,白
Neill,Mediana,29278,Indonesian,历
Luis,Mediana,42624,Swahili,齐
Curcio,Personal,25061,Gujarati,尚
Lothaire,Familiar,74438,Swahili,鲍
Berny,Personal,21018,Luxembourgish,池
Agnese,Mediana,91106,Korean,姬
Brannon,Familiar,73483,Belarusian,王
Dante,Familiar,1906,Tsonga,劳
Tabbi,Mediana,6297,Yiddish,成
Salvatore,Familiar,8003,Portuguese,水
Bartholomew,Familiar,68059,Montenegrin,阎
Ezri,Mediana,49260,Kazakh,郝
Morton,Personal,72770,Norwegian,宰
Torey,Personal,74702,Swati,杨
Ruthy,Mediana,41534,Oriya,茹
Bernie,Familiar,62844,Tajik,都
Huntlee,Mediana,21878,Estonian,厍
Hercules,Mediana,27565,Indonesian,巴
Filide,Familiar,72431,Georgian,沈
Teirtza,Personal,72577,Oriya,殷
Kitty,Mediana,29976,Portuguese,项
Corena,Mediana,67679,English,穆
Trudi,Personal,60098,Gagauz,禄
Mommy,Mediana,79752,Gagauz,屠
Ichabod,Mediana,34750,Norwegian,麴
Bengt,Personal,24806,Catalan,贡
Amabelle,Personal,37355,Tetum,满
Zahara,Mediana,45440,Burmese,鲍
Hanson,Mediana,64275,Romanian,石
Brigham,Mediana,73636,Greek,松
Mile,Personal,56446,West Frisian,奚
Claudio,Familiar,82962,Dzongkha,乐
Heddie,Familiar,84734,Amharic,茅
Jamison,Familiar,25911,Quechua,宰
Oralia,Personal,13791,Dzongkha,侯
Taddeo,Familiar,62157,German,籍
Frannie,Personal,54862,Latvian,闻
Marijo,Familiar,14542,Tswana,乔
Bendicty,Mediana,5193,Dzongkha,糜
Myriam,Mediana,88837,Kurdish,沃
Adena,Familiar,36294,Lao,滑
Jeni,Mediana,55719,Somali,易
Clemence,Mediana,79822,Norwegian,那
Prudence,Familiar,81270,Arabic,庾
Bay,Personal,1818,Dzongkha,章
Gwyn,Mediana,61929,Kashmiri,扈
Sandie,Mediana,82055,Catalan,夏
Manon,Personal,67093,Kannada,武
Kiley,Familiar,52442,Tok Pisin,曹
Ximenez,Mediana,42744,Persian,蒯
Marielle,Mediana,7129,Sotho,全
Brocky,Familiar,17011,Swahili,鄂
Clemens,Mediana,18867,Bislama,暴
Tabor,Personal,10546,Italian,伊
Hansiain,Mediana,25978,Danish,班
Meredith,Mediana,68931,Persian,路
Ethelred,Familiar,80585,Maltese,逄
Felicia,Familiar,92828,Kashmiri,符
Debbi,Personal,71959,Indonesian,庞
Kellie,Mediana,91666,Mongolian,訾
Vernen,Mediana,64123,Filipino,虞
Xenos,Personal,65369,Portuguese,厍
Mohammed,Mediana,24846,Somali,胡
Sergeant,Mediana,1732,Norwegian,葛
Edyth,Familiar,97141,Khmer,姜
Romeo,Familiar,34352,Bislama,闵
Carol,Mediana,87048,Amharic,薛
Reade,Mediana,47897,Dari,宫
Lazar,Mediana,67717,Danish,却
Janaya,Personal,7802,Korean,贺
Derrek,Personal,34905,Spanish,邢
Shepherd,Familiar,11633,Tajik,万
Lemmie,Familiar,8583,Bislama,高
Hugibert,Familiar,13154,Dari,万
Nicoline,Personal,78882,Kashmiri,严
Fran,Familiar,77064,Nepali,米
Angelle,Personal,75934,Filipino,史
Rodrique,Familiar,45157,Afrikaans,桓
Becca,Personal,95223,Kannada,扈
Sunny,Personal,88641,Dari,印
Lolly,Personal,68710,Portuguese,扶
Otto,Familiar,59919,Malagasy,关
Yasmin,Mediana,57450,Thai,尹
Sharla,Personal,16990,Papiamento,井
Lydia,Familiar,98338,Fijian,甄
Winifield,Personal,68705,Gujarati,汤
Elsi,Mediana,83963,Kazakh,田
Idelle,Familiar,45763,Lithuanian,康
Celle,Personal,19023,Swati,江
Dom,Personal,50606,Danish,璩
Ilyse,Personal,71179,Haitian Creole,安
Cele,Mediana,85151,Quechua,梅
Langston,Personal,50665,Gagauz,石
Talya,Mediana,51579,Tsonga,席
Bone,Familiar,93978,Portuguese,宿
Bartram,Familiar,69191,Somali,詹
Eugenie,Familiar,11384,Czech,暨
Bertrand,Personal,28333,Moldovan,舒
Ben,Mediana,95231,Romanian,堵
Kristine,Personal,49722,Maltese,毛
Connie,Familiar,83163,Amharic,石
Edouard,Familiar,50560,Burmese,关
Jeffie,Mediana,38621,Bislama,龚
Zonda,Personal,11483,Montenegrin,金
Bald,Familiar,24313,English,封
Jehu,Personal,21143,Kurdish,蒙
Elnar,Familiar,5910,German,申
Justine,Personal,61502,Albanian,林
Gates,Personal,87322,Dhivehi,滕
Lesley,Personal,39010,Hungarian,康
Ruben,Familiar,54973,Northern Sotho,伍
D'arcy,Mediana,91813,Finnish,乐
Thorstein,Personal,78042,English,仰
Lilly,Mediana,28450,Macedonian,仰
Ikey,Personal,74415,Croatian,谷
Adan,Mediana,54974,Swedish,水
Reynolds,Personal,12523,Marathi,单
Seline,Familiar,53215,Māori,廉
Megan,Personal,23799,Dhivehi,虞
Rurik,Personal,70383,Fijian,充
Kassia,Familiar,16317,Northern Sotho,隗
Bryn,Familiar,64422,English,鄂
Teddie,Familiar,79669,Estonian,宓
August,Mediana,61882,Arabic,简
Noah,Mediana,74163,Aymara,毕
Manda,Mediana,23824,Polish,吕
Brew,Personal,4287,Bulgarian,方
Winn,Mediana,26574,Tok Pisin,庄
Antone,Mediana,65088,Malagasy,史
Hermione,Personal,12438,Tetum,祁
Bobbie,Familiar,22341,Portuguese,蔡
Pris,Personal,98308,Somali,庾
Enos,Personal,23834,Lithuanian,郑
Shem,Familiar,67857,Korean,花
Odell,Familiar,61568,Bislama,班
Melody,Personal,63040,Hindi,牛
Niels,Familiar,56249,Spanish,连
Mollie,Mediana,24387,Sotho,水
Franchot,Mediana,44546,Maltese,贾
Van,Personal,58296,Malagasy,邵
Bruno,Mediana,29655,Oriya,莫
Conchita,Personal,2039,Yiddish,谷
Caro,Mediana,2540,Dzongkha,房
Mareah,Familiar,44238,Bosnian,柴
Janie,Personal,22416,Swati,习
Erica,Mediana,88168,Thai,应
Theodore,Personal,49410,Tetum,阎
Eryn,Personal,45395,Icelandic,冯
Rossy,Personal,70143,Hiri Motu,段
Linell,Personal,58885,Kurdish,陆
Weider,Familiar,33575,Estonian,羊
Rollins,Personal,12406,Dhivehi,暨
Marie-jeanne,Personal,46895,Kannada,景
Raul,Personal,42813,Portuguese,廖
Chrissy,Personal,27362,Telugu,褚
Case,Familiar,54370,Tswana,蔡
Izak,Mediana,65141,Malay,史
Wynn,Mediana,85314,Northern Sotho,酆
Abeu,Familiar,24605,Indonesian,蒲
Damita,Familiar,49815,Chinese,丁
Araldo,Personal,44576,Kurdish,钭
Tiffani,Mediana,9158,Bosnian,匡
Fields,Personal,35679,Swati,顾
Barnebas,Familiar,28602,Malay,凤
Roseanne,Familiar,51465,Persian,毕
Kermit,Personal,71038,Moldovan,卫
Amandy,Personal,19814,Gagauz,井
Mose,Familiar,30812,Albanian,越
Mahmoud,Personal,39301,Lithuanian,陈
Dalton,Personal,83158,Hungarian,索
Wye,Mediana,98979,Gujarati,查
Tracee,Familiar,18388,Kyrgyz,麻
Joel,Familiar,3289,Chinese,蓬
Brit,Familiar,79018,Albanian,崔
Dalt,Familiar,12782,Catalan,厍
Adrea,Mediana,1871,Kazakh,岑
Dot,Personal,89166,Romanian,咸
Joseph,Familiar,65932,Tamil,丰
Sandor,Familiar,67277,Khmer,惠
Sinclair,Personal,43581,Oriya,容
Seumas,Familiar,96401,Lithuanian,古
Yank,Mediana,81483,Hungarian,蒙
Georgena,Familiar,80961,Georgian,廉
Melosa,Personal,54690,Belarusian,盍
Elsa,Personal,57550,Malayalam,元
Birdie,Mediana,85162,Swahili,仲
Denney,Mediana,70781,Latvian,封
Rutger,Mediana,3033,Māori,柳
William,Familiar,66287,Dutch,广
Leia,Familiar,65847,Burmese,黄
Cyril,Personal,78260,Thai,伍
Ulla,Familiar,39109,Hindi,洪
Lexine,Familiar,35812,Guaraní,强
Hillary,Familiar,74184,Fijian,蔚
Thorndike,Mediana,47867,Gujarati,荣
Carrol,Personal,5993,Portuguese,羊
Everard,Mediana,90666,Albanian,韦
Morgana,Mediana,37954,Ndebele,芮
Sybille,Familiar,6101,Yiddish,司
Cleve,Personal,26726,Kyrgyz,东
Susanne,Mediana,73707,Bengali,乜
Lula,Familiar,61490,Māori,咸
Ninnette,Mediana,23757,Marathi,骆
Roy,Personal,38550,Sotho,杭
Raul,Personal,11400,Thai,管
Dur,Mediana,2636,Quechua,汤
Terrance,Familiar,77177,Kashmiri,赖
Berny,Familiar,52026,Bislama,丰
Lowrance,Personal,54227,Māori,方
Claude,Familiar,58183,Irish Gaelic,诸
Kerianne,Personal,17657,Moldovan,暴
Hendrika,Personal,77311,Khmer,扶
Edythe,Personal,94095,Azeri,廖
Joell,Mediana,86928,Guaraní,卜
Berton,Personal,1047,Tamil,伊
Margaretta,Personal,64886,Kyrgyz,麴
Rutger,Familiar,79202,Arabic,经
Worthy,Mediana,83742,Kashmiri,诸
Obidiah,Familiar,89346,Aymara,诸
Matthieu,Personal,45490,Ndebele,蒲
Caralie,Mediana,99717,Ndebele,赖
Trixy,Mediana,64216,Filipino,钭
Ezekiel,Mediana,66947,Georgian,危
Lorenza,Familiar,51511,Sotho,李
Bernhard,Familiar,50144,Somali,终
Christian,Familiar,61113,Bengali,伏
Phelia,Familiar,88363,Haitian Creole,禄
Arlyn,Personal,98060,Kurdish,宫
Portia,Familiar,9829,Amharic,樊
Gunter,Personal,44753,Swedish,韶
Haley,Personal,64212,Romanian,李
Engelbert,Familiar,68341,Burmese,国
Derward,Familiar,31083,Latvian,戚
Wendel,Mediana,31927,Albanian,包
Daisy,Familiar,92106,Czech,隗
Brenn,Personal,64249,Hungarian,顾
Hannie,Familiar,53164,Croatian,马
Sharline,Mediana,3206,Fijian,姬
Martyn,Familiar,61036,Gujarati,乜
Benedict,Personal,39239,Armenian,莫
Corney,Familiar,4275,Portuguese,昝
Karlis,Mediana,46387,Malayalam,苍
Dacia,Mediana,36971,Punjabi,乔
Hilly,Mediana,30628,Hiri Motu,辛
Briant,Personal,71105,Gagauz,谷
Xymenes,Personal,45306,Swedish,时
Clarita,Mediana,37402,Moldovan,尚
Licha,Familiar,68609,Telugu,厍
Ferdinanda,Familiar,12266,Afrikaans,范
Gusti,Personal,36261,Amharic,查
Felicle,Mediana,35836,Macedonian,隗
Dedra,Mediana,35700,Croatian,虞
Crista,Personal,65954,Finnish,彭
Sterling,Familiar,25252,Quechua,瞿
Moria,Personal,84898,Tsonga,司
Deeanne,Mediana,18850,Spanish,滑
Sharyl,Personal,85784,Catalan,元
Roseanne,Familiar,2194,Belarusian,鱼
Ashli,Personal,99768,Northern Sotho,明
Findley,Personal,93986,Quechua,甘
Jori,Personal,26264,Bosnian,钱
Erina,Familiar,76337,Punjabi,僪
Ethelbert,Mediana,11423,Arabic,晏
Alexandro,Familiar,82359,Somali,俞
Axe,Personal,70225,Danish,曾
Gearalt,Personal,96367,Hebrew,喻
Derrek,Personal,50865,French,戎
Shanna,Mediana,58414,Malay,白
Lyman,Mediana,65167,Bulgarian,易
Sybilla,Personal,58100,Mongolian,咸
Eveleen,Mediana,54181,Bengali,莫
Georgeta,Personal,17624,Kurdish,充
Lulu,Personal,73235,Nepali,秦
Lauraine,Familiar,96551,Chinese,汲
Goraud,Personal,8606,Nepali,邴
Edwin,Mediana,65480,Zulu,庾
Rollie,Mediana,81858,Lao,廉
Corene,Personal,88065,Sotho,尚
Ilse,Mediana,50938,Dhivehi,单
Christie,Familiar,75908,Macedonian,夏
Hilary,Personal,84766,Macedonian,党
Early,Personal,27564,Hiri Motu,常
Annalise,Mediana,36600,Romanian,雷
Robby,Personal,46238,Sotho,卓
Cassandre,Mediana,10929,Hiri Motu,段
Nealson,Personal,60877,West Frisian,卓
Kimberly,Personal,70165,Armenian,农
Kele,Mediana,57610,Albanian,从
Emelia,Personal,69931,Tajik,牛
Dolf,Mediana,95466,Dutch,巫
Lizette,Personal,70597,Arabic,卞
Barry,Personal,66423,Montenegrin,酆
Cole,Personal,61454,French,濮
Fiona,Personal,51351,Hebrew,章
Eilis,Familiar,39702,Aymara,莫
Chev,Familiar,51025,Hindi,孙
Ferdinande,Mediana,41205,Bosnian,席
Mahala,Mediana,37482,Armenian,欧
Charleen,Familiar,95568,Guaraní,刘
Bogart,Personal,47474,Tamil,贝
Terri,Personal,48178,Yiddish,池
Ivor,Familiar,55803,Yiddish,鄂
Faythe,Mediana,40257,Haitian Creole,葛
Christye,Familiar,23323,Macedonian,饶
Lowe,Mediana,93557,Dari,鲁
Berkie,Mediana,78795,Pashto,段
Elysia,Mediana,52428,Albanian,吕
Bobby,Mediana,46642,Oriya,池
Brig,Personal,24954,Gagauz,俞
Rabi,Mediana,15213,Nepali,郜
Keefer,Mediana,63435,Tetum,扶
Ekaterina,Familiar,53118,Nepali,孔
Rafael,Mediana,12746,Albanian,融
Conrado,Familiar,35761,Maltese,钭
Haslett,Personal,24459,Kyrgyz,云
Bruno,Mediana,51748,Persian,别
Jeane,Familiar,64803,Italian,慎
Abra,Mediana,77011,Dzongkha,纪
Ara,Familiar,51886,Assamese,谢
Keriann,Familiar,75933,Yiddish,霍
Ethelda,Familiar,4925,Persian,劳
Miranda,Personal,98432,Sotho,计
Tanhya,Familiar,52679,Japanese,郭
Shirlene,Personal,72346,Bengali,靳
Myrtle,Mediana,88311,Portuguese,查
Farra,Familiar,82440,French,袁
Phyllys,Mediana,51069,Lao,封
Delores,Personal,31842,Georgian,颜
Nappy,Personal,82371,Dari,熊
Anya,Mediana,21083,Haitian Creole,窦
Amy,Mediana,33271,Lao,明
Collette,Personal,86444,Swati,程
Arleen,Personal,5347,Japanese,熊
Blondell,Familiar,26413,Lao,融
Gertie,Personal,57157,Bislama,钮
Merrie,Personal,75292,Assamese,花
Andreana,Familiar,47030,Belarusian,谷
Garreth,Personal,66957,Macedonian,韶
Madelaine,Familiar,19961,Tswana,叶
Bobinette,Familiar,34849,Hiri Motu,荣
Bobbe,Familiar,16173,West Frisian,竺
Maggee,Familiar,21553,Polish,寿
Crichton,Mediana,31726,Pashto,周
Morly,Familiar,15348,Papiamento,冷
Jamie,Personal,21317,Tok Pisin,堵
Viv,Familiar,72802,French,华
Urbanus,Mediana,77026,Swati,劳
Cassie,Familiar,79254,Sotho,富
Angie,Familiar,6034,Bislama,夏
Blondell,Personal,48240,English,平
Linet,Personal,61453,Malayalam,宰
Madelene,Mediana,71198,Tswana,臧
Dayle,Mediana,92439,Danish,印
Karalynn,Personal,28645,Guaraní,嵇
Tina,Mediana,75254,French,贝
Juanita,Familiar,5373,Indonesian,柴
Raf,Personal,69230,Macedonian,水
Griz,Familiar,90196,Northern Sotho,梁
Florina,Mediana,79451,Gagauz,蓬
Mayer,Mediana,98219,Dutch,韦
Duncan,Familiar,66466,Italian,习
Osbert,Personal,69476,Croatian,梅
Ulrick,Mediana,5890,Māori,乔
Nappy,Personal,53147,Bislama,毋
Addison,Personal,28626,New Zealand Sign Language,花
Rog,Personal,2372,Estonian,蒯
Juliette,Personal,59781,Italian,冉
Paulie,Personal,9056,Lithuanian,松
Edd,Familiar,31571,Estonian,郦
Hayyim,Familiar,85655,Dari,谷
Muriel,Personal,92186,Danish,娄
Rance,Familiar,24231,Amharic,伊
Clarie,Familiar,53298,Moldovan,堵
Gayle,Familiar,24547,Māori,金
Larisa,Personal,17710,Bulgarian,荣
Tanny,Mediana,64037,Georgian,储
Val,Personal,15547,Guaraní,任
Wini,Personal,72669,Icelandic,耿
Tomlin,Familiar,94953,Nepali,祝
Salmon,Mediana,16331,Papiamento,麻
Lorain,Personal,54008,Assamese,鲁
Fulton,Personal,55310,Bosnian,蔡
Mellie,Mediana,29239,Punjabi,邰
Basile,Familiar,44949,Lithuanian,应
Crystie,Familiar,50692,Czech,冷
Nomi,Familiar,32001,Mongolian,章
Delbert,Mediana,63091,Portuguese,柯
Nina,Familiar,90443,Gujarati,秋
Andeee,Mediana,22481,Dari,单
Eadmund,Familiar,92360,Korean,廉
Beale,Mediana,90131,Azeri,聂
Ralf,Mediana,12628,Nepali,寇
Katleen,Familiar,16365,Bosnian,戎
Francene,Mediana,35699,Dhivehi,牧
Lonna,Mediana,44573,Quechua,隗
Phil,Familiar,49453,Kyrgyz,宰
Electra,Familiar,34372,Malayalam,闻
Alf,Familiar,26754,Kannada,辛
Marcus,Familiar,58426,German,越
Eadith,Mediana,50405,Indonesian,邢
Julienne,Mediana,22171,Hungarian,包
Shaun,Mediana,76727,Hungarian,易
Candice,Mediana,26402,Nepali,璩
Eadmund,Mediana,99219,Spanish,乔
Atlanta,Mediana,8403,Catalan,邢
Reynold,Mediana,91405,Montenegrin,谷
Brook,Personal,48798,Swedish,万
Pat,Familiar,81417,Czech,通
Karel,Mediana,49589,Czech,诸
Lucky,Personal,52162,Bislama,庞
Morse,Mediana,76003,Malagasy,别
Ludovika,Mediana,79592,Macedonian,董
Ellynn,Familiar,36680,Malayalam,路
Blair,Mediana,67297,Montenegrin,荣
Bartholomeo,Familiar,43738,Malayalam,宦
Clo,Mediana,83709,Punjabi,倪
Felike,Mediana,28801,Catalan,莘
Ali,Familiar,35931,Malay,胡
Abbie,Personal,10962,Greek,巫
Payton,Mediana,37862,Portuguese,管
Kahlil,Familiar,38639,West Frisian,秦
Nonna,Mediana,67366,Kashmiri,文
Derron,Familiar,2475,Azeri,虞
Izzy,Personal,60032,Croatian,马
Natalie,Mediana,81237,Haitian Creole,安
Kariotta,Personal,20220,Tamil,蓟
Ash,Mediana,14572,Dzongkha,詹
Jodie,Familiar,84502,Irish Gaelic,苍
Erica,Mediana,10416,Pashto,车
Andriana,Familiar,11485,Tamil,彭
Avie,Mediana,29507,Kashmiri,卫
Leroi,Mediana,66446,Dari,饶
Clay,Mediana,97574,Mongolian,訾
Aggi,Mediana,31278,Kazakh,齐
Kimball,Mediana,57194,Irish Gaelic,靳
Fanchon,Familiar,11821,Tamil,窦
Hadria,Familiar,48819,Spanish,曾
Milli,Familiar,40992,Macedonian,荆
Modesta,Familiar,64012,Swahili,璩
Laureen,Mediana,31668,New Zealand Sign Language,尚
Abbey,Personal,8643,Gujarati,冉
Elyse,Familiar,20783,Persian,班
Leopold,Mediana,16934,Montenegrin,满
Rodi,Mediana,43382,Afrikaans,彭
Standford,Personal,87842,Georgian,谷
Marla,Personal,92926,Haitian Creole,严
Nance,Personal,16398,Dhivehi,柳
Sonny,Personal,45675,Māori,鲁
Andrea,Mediana,75261,Pashto,王
Tiffy,Familiar,5969,Bosnian,越
Elayne,Familiar,30903,Croatian,越
Silvain,Familiar,45790,Ndebele,程
Jeremias,Personal,27503,Romanian,钱
Farrel,Personal,8319,Kyrgyz,臧
Chickie,Mediana,32798,Hungarian,庾
Titos,Mediana,52549,Burmese,鱼
Leeland,Familiar,34393,Greek,班
Tadd,Familiar,39880,Czech,翁
Kelila,Mediana,79855,Tsonga,匡
Rosita,Personal,23200,Tetum,容
Jeannette,Familiar,20584,Lithuanian,相
Gale,Mediana,38599,Spanish,闻
Elliott,Personal,49643,Bulgarian,后
Ignacio,Mediana,26735,Thai,竺
Rudd,Personal,17252,Icelandic,齐
Wynny,Mediana,56883,Bislama,车
Breanne,Familiar,80977,Thai,燕
Nalani,Personal,29050,Indonesian,姬
Toby,Familiar,60536,Persian,郑
Elijah,Familiar,79793,Mongolian,谭
Francyne,Personal,18067,Latvian,陶
Bil,Familiar,70479,Azeri,封
Isahella,Mediana,53358,Swahili,林
Murielle,Mediana,27929,Croatian,程
Ninetta,Familiar,44235,West Frisian,党
Jean,Familiar,42250,Hebrew,房
Xylia,Familiar,5268,Somali,车
Emanuel,Personal,59364,Papiamento,昌
Lazare,Familiar,55073,Guaraní,于
Othilia,Personal,59804,English,戎
Dale,Mediana,9829,Norwegian,惠
Aggy,Familiar,97842,Macedonian,贲
Jilly,Familiar,46144,Maltese,陆
Frederich,Mediana,76254,Northern Sotho,雷
Shanan,Mediana,62494,Marathi,孙
Iain,Personal,70890,Nepali,饶
Corty,Mediana,44840,Swati,葛
Britteny,Familiar,64777,Kurdish,倪
Verge,Personal,11585,Indonesian,晁
Letitia,Mediana,14148,Icelandic,弓
Scarlett,Personal,86022,Papiamento,宋
Roi,Personal,39174,Nepali,强
Kin,Personal,69990,Ndebele,终
Sergent,Mediana,85491,Azeri,许
Erda,Mediana,12130,Arabic,曹
Roarke,Personal,27187,Polish,郜
Clea,Mediana,25776,Telugu,孟
Erv,Mediana,37530,Māori,王
Marylin,Familiar,81853,Latvian,于
Maddy,Mediana,83006,Guaraní,毕
Temp,Personal,65256,Tswana,麻
Mychal,Personal,62924,Tok Pisin,宦
Jeri,Mediana,52591,Czech,宿
Paquito,Personal,85317,Malayalam,汪
Maire,Familiar,71958,Arabic,匡
Vera,Personal,67665,Luxembourgish,余
April,Mediana,69609,Swedish,嵇
Eadie,Personal,30385,Nepali,平
Chrystal,Familiar,88155,Azeri,蒙
Rochester,Mediana,12849,Lithuanian,屈
Isidoro,Personal,67746,Montenegrin,闵
Monte,Mediana,78501,Portuguese,习
Haze,Familiar,33946,Telugu,邬
Sheffy,Mediana,89335,Danish,钭
Eleonora,Mediana,81257,Armenian,冯
Ronnie,Mediana,2571,Haitian Creole,茅
Joshua,Mediana,98881,Kyrgyz,闻
Randie,Familiar,45073,Gujarati,满
Nalani,Personal,20498,Guaraní,柯
Hynda,Mediana,74424,Tswana,裴
Audie,Personal,10301,Punjabi,麴
Terrence,Mediana,10279,Korean,史
Roda,Familiar,89648,Moldovan,向
Chantalle,Familiar,19636,Burmese,骆
Rhoda,Familiar,7089,Hiri Motu,席
Erminia,Mediana,53588,Khmer,匡
Lonnie,Familiar,37981,Zulu,滑
Batholomew,Mediana,25199,Tajik,巩
Kennan,Mediana,95975,Polish,贺
Milzie,Mediana,41259,Yiddish,家
Roanne,Familiar,37850,Icelandic,秋
Janine,Familiar,28343,Guaraní,农
Othelia,Familiar,53164,Tsonga,雷
Gabriela,Personal,58887,Lithuanian,宣
Edythe,Familiar,39440,Malayalam,皮
Aguistin,Familiar,70327,Afrikaans,杜
Elyn,Mediana,68610,Moldovan,屠
Ronda,Familiar,34167,Hungarian,袁
Cortie,Personal,65307,Kyrgyz,路
Edin,Mediana,90234,Kashmiri,虞
Derril,Familiar,51123,Lao,傅
Park,Personal,67120,Icelandic,柴
Emera,Personal,38703,Northern Sotho,幸
Jemima,Familiar,12473,Georgian,沈
Rouvin,Familiar,51811,Tsonga,贲
Bjorn,Personal,88888,Ndebele,蓟
Erik,Mediana,46405,Oriya,羊
Franklyn,Personal,97041,Czech,董
Rozalie,Mediana,22899,Malayalam,昌
Vail,Personal,43816,Ndebele,却
Sibbie,Mediana,45028,Bengali,邢
Hanny,Personal,99035,Malagasy,应
Nalani,Mediana,3193,Bislama,傅
Sheelagh,Familiar,30122,Haitian Creole,籍
Pennie,Mediana,76423,English,寇
Xerxes,Familiar,5095,Kazakh,丰
Julienne,Mediana,31075,Maltese,乜